epoch,acc,loss,val_acc,val_loss
0,0.018869122748525476,-4353.628002582814,0.026039125229656835,-3473.34782852636
1,0.0157890976637851,-4561.827158183536,0.026039125229656835,-3473.34782852636
2,0.0157890976637851,-4561.828201841199,0.026039125229656835,-3473.34782852636
3,0.0157890976637851,-4561.828212048504,0.026039125229656835,-3473.34782852636
4,0.0157890976637851,-4561.828223995925,0.026039125229656835,-3473.34782852636
5,0.0157890976637851,-4561.828214931738,0.026039125229656835,-3473.34782852636
6,0.0157890976637851,-4561.828214527286,0.026039125229656835,-3473.34782852636
7,0.0157890976637851,-4561.8282093746,0.026039125229656835,-3473.34782852636
8,0.0157890976637851,-4561.304560093962,0.026039125229656835,-3473.34782852636
9,0.0157890976637851,-4561.828234534711,0.026039125229656835,-3473.34782852636
10,0.0157890976637851,-4561.82821104332,0.026039125229656835,-3473.34782852636
11,0.01578909766437654,-4561.82820452371,0.026039125229656835,-3473.34782852636
12,0.1308772514747589,-4557.300755220028,0.3163731535354217,-3361.078668601679
13,0.45947941225571676,-4568.751799704517,0.3680078073082115,-3361.6419220247376
14,0.48111896993918546,-4568.90022888004,0.37075810673597176,-3361.6388514301757
15,0.4967810562623454,-4569.272113548191,0.39617619660865955,-3308.1174390218603
16,0.49339937923324056,-4567.908054417253,0.3829126558199446,-3361.8110171408034
17,0.4931136037120433,-4569.248552358079,0.3944905292174516,-3355.9066383181766
18,0.5040286410622629,-4569.4020925478035,0.4010114004413349,-3338.1832007356657
19,0.5072039246507569,-4569.474784645703,0.3972408286452119,-3344.0849256461775
20,0.5061163900212665,-4569.184248611232,0.3993257330501269,-3328.128197646673
21,0.49203400728845875,-4566.995611983507,0.37111298408148924,-3406.0412052641723
22,0.49227215355789744,-4569.005601444786,0.39715210930883255,-3351.68763274962
23,0.5059973168891495,-4569.475326351368,0.39187330879426036,-3355.009495882008
24,0.5015995491099664,-4566.386708812514,0.38499756022485965,-3367.8196249984994
25,0.49923396283709076,-4569.389241173186,0.39945881205469597,-3339.78278412028
26,0.5046398831512199,-4569.069490030717,0.4015880761251567,-3334.5682338321926
27,0.5066085589811821,-4568.916166272035,0.39950317172024163,-3342.296537272843
28,0.5166186405035128,-4568.9986159289665,0.40291886617084716,-3338.653628133381
29,0.491256062811841,-4566.462416485396,0.3919176684624501,-3355.6210970930847
30,0.5039413207629956,-4569.157725567043,0.3992813733792932,-3341.159510965478
31,0.5017980043380473,-4568.494396612473,0.39426873087385916,-3350.1645617657014
32,0.5066879410700486,-4568.701026516847,0.39834982034730987,-3343.04940036263
33,0.5125860303436199,-4569.531642877223,0.4150290555866303,-3309.9271341466506
34,0.513610059299604,-4569.444921202446,0.39790622366541306,-3341.286244991091
35,0.5085772348049932,-4569.55507514974,0.4035399015281467,-3311.315210991107
36,0.5024727520983815,-4559.720403293771,0.3904094397440009,-3400.6105485668318
37,0.4996388114946634,-4569.471028060776,0.4025639888253297,-3093.7098383008124
38,0.5062830924134223,-4568.760751986106,0.39471232755575597,-3366.2741933635307
39,0.5028299715046687,-4569.303847031299,0.396797231960671,-3362.2337392577206
40,0.5105617870533911,-4568.161359200216,0.3983941800154996,-3344.549957072582
41,0.5051717431550954,-4569.432658817489,0.3981280220063615,-3344.2991620780294
42,0.5115620013819581,-4567.817365311097,0.39462360822202064,-3377.911691945241
43,0.5077119700291082,-4569.451829337175,0.4001685667430869,-3361.4377110501187
44,0.5105697252614261,-4569.518624393369,0.4002572860794662,-3376.6853627652604
45,0.5128400530284188,-4567.926636801902,0.40145499712058763,-3369.480174420292
46,0.5100378652570773,-4567.275276590722,0.3983054606791202,-3371.064257749906
47,0.5055369007656324,-4568.812707100924,0.39320409883995083,-3390.344309377558
48,0.5056797885268225,-4569.552106644304,0.4133877478636121,-3112.0135482282885
49,0.509974359585227,-4568.147526693402,0.4040278578755892,-3347.9410332228063
50,0.5124272661609187,-4566.859513439878,0.39826110101093054,-3376.9316744418775
51,0.5157136846827213,-4566.557718884269,0.40509248991214153,-3348.1415831285335
52,0.5181824676754292,-4566.08322308994,0.43339395821715865,-3134.27359922367
53,0.5026870837404032,-4565.022768664271,0.3960874772696361,-3361.692294210644
54,0.5089662070455495,-4568.446750243753,0.40070088276136306,-3324.161912837839
55,0.5158010049779668,-4569.641798033596,0.4312203344758642,-3119.7544957778473
56,0.5154437855768842,-4564.675241087385,0.4211950494649961,-3269.7230734362533
57,0.5203654751422083,-4568.9364905547,0.4175575566734422,-3314.912560609241
58,0.5211434196259234,-4564.370309149861,0.40238655015257097,-3332.362448983547
59,0.5154993530397532,-4569.706277837539,0.41662600364145885,-3326.4434328107145
60,0.5274463575551747,-4569.68640818556,0.4194206627374088,-3319.44413373845
61,0.5286132742737683,-4565.858186943004,0.42035221576939213,-3306.6080246750507
62,0.521897549479619,-4569.580353741071,0.4214612074741342,-3308.3074596513584
63,0.5309709223452331,-4564.67119405933,0.40655635896240105,-3341.02413883568
64,0.5217943527588405,-4569.160071632721,0.40189859380248444,-3354.399636365155
65,0.5228818873932989,-4569.788279270411,0.4214612074741342,-3311.520004077394
66,0.52824017845425,-4569.943543022741,0.4123674754952494,-3273.996492477454
67,0.5197383566367082,-4566.734592132148,0.406423279957832,-3320.1965437600456
68,0.5247473665034288,-4569.737085875717,0.40416093688015825,-3335.9361153815266
69,0.5260095417314539,-4569.09952069374,0.40895178104464386,-3324.947666769701
70,0.5353925047468651,-4569.526006096669,0.43521270461029155,-3110.9325574973786
71,0.5302088542825562,-4565.330607024814,0.42305815552896275,-3264.527635984823
72,0.5301294721913238,-4569.86528455331,0.42323559420172147,-3244.2491450017637
73,0.5217467235044796,-4569.478836206101,0.4251430599338778,-3324.1448420394004
74,0.5343605375766951,-4569.922246734856,0.4154282926003374,-3330.4797976771397
75,0.5294626626378417,-4569.651026710197,0.41955374174197785,-3324.608298165137
76,0.5413461614833055,-4570.031994782414,0.4334826775508939,-3165.50121138937
77,0.533661975188944,-4568.617065913092,0.4270061659978444,-3306.2661647715404
78,0.5349162122079877,-4569.853286988439,0.4217273654832723,-3349.9632778911864
79,0.5350670381750836,-4567.3442296017865,0.42678436765689604,-3329.8616349091626
80,0.538289951025509,-4569.500129944831,0.4188883467191326,-3330.0265935321554
81,0.5362736459402396,-4568.914091833641,0.4259415339612921,-3339.896644868027
82,0.5336222841414352,-4569.650960377088,0.4241671472337048,-3329.1783271921204
83,0.5357497241474745,-4568.203779868794,0.4208845317876683,-3347.7039027144883
84,0.5366864328103421,-4569.366200491226,0.42230404116973813,-3349.670405890627
85,0.5373770569886388,-4569.790278870009,0.42651820964775794,-3327.772955921249
86,0.5328205250378736,-4569.768010717508,0.42483254225655004,-3328.44938779276
87,0.5407031665562941,-4569.945362717397,0.4314421328141686,-3163.7409396182356
88,0.5410842005843206,-4559.31458997256,0.4253648582748262,-3320.0602652772645
89,0.5390599572971673,-4568.965007471767,0.4241671472337048,-3335.1090755262544
90,0.5430528764107341,-4569.557149291251,0.4294015880774432,-3298.108246738219
91,0.5369166408707996,-4567.9886756433525,0.42678436765689604,-3325.269431371113
92,0.5430369999963202,-4567.381307310693,0.4241227875655151,-3331.8162267731304
93,0.540822239687938,-4569.9987239812435,0.42944594774827693,-3308.3765556306853
94,0.5401474919271307,-4569.954833110448,0.4270505256633901,-3318.114958098939
95,0.5337096044392831,-4568.376198051322,0.4245220245792222,-3329.3815596706618
96,0.5374485008725459,-4569.892032913976,0.424699463251981,-3320.964122570043
97,0.5348527065330619,-4569.918717069081,0.4224814798424969,-3322.760914458022
98,0.5423225611884772,-4566.799196538671,0.42492126159292937,-3315.6890622310607
99,0.541195335512661,-4569.512759348438,0.42305815552896275,-3328.810159982533
100,0.5404808967003231,-4570.149414524231,0.4338375548964114,-3295.277705817406
101,0.5374881919162695,-4569.534742479911,0.41777935501439056,-3339.5078651183026
102,0.5395203734140602,-4570.1217881531,0.42762720134985593,-3312.445553935495
103,0.5424019432782902,-4569.435402058806,0.43051057978218527,-3244.9685243720705
104,0.538139125053445,-4566.508046936964,0.4110810451177486,-3327.9945322801273
105,0.5304073095034214,-4568.207659033772,0.4164042053005104,-3337.866712805954
106,0.538528097291399,-4569.991472044145,0.4275828416843103,-3314.1895742347424
107,0.5328522778693038,-4569.069683777797,0.40992769374481686,-3349.4022871598386
108,0.5283513133769125,-4570.002659954824,0.4253204986066365,-3314.799758095541
109,0.5436164892484057,-4568.726265999511,0.42456638424741194,-3332.5394602024116
110,0.5337651719026252,-4569.832539922989,0.4234130328744802,-3344.4245965711684
111,0.5280893524826592,-4569.61670726711,0.4093953777265407,-3355.7632938108845
112,0.5315107205554876,-4569.983341147764,0.42447766491103256,-3333.861104095172
113,0.5418303922316373,-4570.156117288739,0.43157521181873765,-3302.6587291252686
114,0.5448627880620168,-4569.18644278261,0.4309541764640821,-3303.316674659506
115,0.5367737531070071,-4570.084007344339,0.4264738499795682,-3324.1996228072508
116,0.5395441880436064,-4569.959492295833,0.43157521181873765,-3308.203716889675
117,0.54437061910565,-4567.867408463416,0.4332165195417559,-3296.7800893130384
118,0.5432037023849272,-4569.991132961442,0.4272723240069825,-3325.216229553893
119,0.5445214450722727,-4566.639228087772,0.43157521181873765,-3313.3225165635636
120,0.5349955942978006,-4559.283813868164,0.42327995386991113,-3369.463229462147
121,0.5316932993625304,-4569.018457383195,0.4257640952885333,-3349.9790501905695
122,0.5368451969868925,-4569.999987050211,0.42398970856094603,-3318.366105437083
123,0.53335238503962,-4569.72010139165,0.43059929911856465,-3316.744461849314
124,0.5411715208821685,-4567.792058451895,0.4275384820161206,-3319.5784687062883
125,0.5404491438684198,-4569.731271663656,0.43077673779132336,-3295.5364635602314
126,0.5396315083433469,-4569.956634412731,0.42909107040275946,-3296.6493022102477
127,0.5409810038692199,-4569.49447681714,0.42931286874106384,-3302.0470820858322
128,0.5370118993799945,-4567.417117133205,0.42705052566603413,-3310.3500655660378
129,0.5269144975543746,-4563.066108396389,0.41245619483162876,-3343.5901788373026
130,0.5262556262098739,-4569.984259521364,0.42305815552896275,-3323.344792253709
131,0.5345907456407012,-4569.510896454686,0.4125449141680081,-3319.5777484135024
132,0.5385677883358323,-4564.531141849198,0.42820387703896584,-3303.141831996283
133,0.540377699987115,-4569.924876456362,0.42598589362948175,-3312.3988646364824
134,0.5413461614792837,-4569.820442448079,0.4259415339612921,-3309.7357838542725
135,0.5342414644450513,-4570.105924925615,0.42332431353810085,-3331.693194395012
136,0.5374485008694705,-4569.9621669769695,0.4287805527254317,-3325.8721918847173
137,0.5384407769952072,-4570.12803905778,0.4268287273250857,-3325.251662210379
138,0.534749509820327,-4569.723148060374,0.4271836046706032,-3301.441471912484
139,0.5400839862557536,-4569.806240165747,0.4313534134777892,-3300.65235876981
140,0.5391790304318865,-4567.847788179094,0.4281595173707762,-3297.632980130249
141,0.5437196859651624,-4569.218235053086,0.42878055272278764,-3308.5810968979636
142,0.5419097743174284,-4564.660818357748,0.4286474737182186,-3308.3484386534114
143,0.538440776994734,-4563.8034103384725,0.42669564832051665,-3314.5213541197904
144,0.539083771924111,-4570.208251587888,0.4337931952308658,-3276.1060046653424
145,0.5354004429558464,-4569.705618262087,0.4264738499795682,-3315.753528253149
146,0.5415604931217785,-4570.113991473111,0.430688018454944,-3301.7557881581656
147,0.5439578322350743,-4567.261688682077,0.42993390409836346,-3297.2450632377427
148,0.536337151612563,-4569.8636000042,0.42625205163861984,-3304.479563078292
149,0.5366229271399113,-4570.027302016261,0.42966774608922537,-3306.2685881172474
150,0.5381391250548645,-4563.485896761569,0.4291797897364948,-3301.9013566001204
151,0.5377819056471578,-4570.0682637461,0.4317970101623301,-3293.384336690738
152,0.5449262937338671,-4570.093726238131,0.43618861731046454,-3254.3300628440857
153,0.5410842005864498,-4567.08280020066,0.42651820964775794,-3321.940725376796
154,0.5383852095337576,-4570.065548326044,0.42966774608922537,-3314.811830855429
155,0.5444420629819866,-4570.017294553399,0.4311316151368408,-3311.810610661737
156,0.5430608146218446,-4569.52024657305,0.4304662201139956,-3315.207313035399
157,0.5437117477561811,-4569.346420297708,0.43153085215054793,-3319.5310279514692
158,0.5393616092370368,-4569.071630615915,0.4272723240069825,-3341.9582712049255
159,0.5404173910315483,-4570.1688633647,0.43153085215054793,-3323.8646173483094
160,0.545140625376835,-4569.1790184199945,0.42988954443017374,-3329.592711646571
161,0.5433386519350069,-4570.207539216354,0.4302444217756912,-3326.787819493892
162,0.5446167035805213,-4568.6581833206155,0.4298008250937944,-3331.2238259128717
163,0.548673128369014,-4570.255384180951,0.43987046977020816,-3166.6665101131075
164,0.5446881474639552,-4568.4297353584725,0.43051057978218527,-3312.760844032243
165,0.5400601716259708,-4568.313942665241,0.4252317792702571,-3336.9027658913155
166,0.5370357140055189,-4569.878077914734,0.43232932618060627,-3303.8639657124595
167,0.5454184626902339,-4570.028141332829,0.437386328351586,-3268.1931546051796
168,0.5377263381883106,-4569.519151817145,0.4302444217756912,-3307.4202084456924
169,0.5408222396869917,-4570.195598933965,0.4303775007776162,-3309.058285782237
170,0.5383693331122463,-4569.665501773199,0.4321518875052035,-3301.310205735971
171,0.5435291689496115,-4567.894668834446,0.42909107040275946,-3318.498014965133
172,0.5406158462556073,-4568.202312723449,0.4319300891668991,-3308.8964291065636
173,0.5487048812094342,-4569.570277061717,0.43139777314862293,-3308.395154232131
174,0.5462757892606863,-4569.81230731316,0.42776028035706903,-3317.408409454763
175,0.5372262310194138,-4570.15287038657,0.4299782637665531,-3304.4359588744883
176,0.5481492065762489,-4568.5245257270535,0.4298451847619841,-3308.8253065632225
177,0.5452596985080058,-4570.202211209988,0.43450294991925664,-3304.8610982734986
178,0.5460217665718656,-4569.822932009064,0.4307767377939674,-3308.9246564340197
179,0.5406475990889302,-4569.1053477561245,0.4290023510663801,-3326.6084162730667
180,0.5462043453777256,-4569.858685822678,0.4314421328141686,-3318.39293541257
181,0.5464424916483471,-4569.298615658524,0.4320631681688241,-3309.942353173336
182,0.5487683868808113,-4569.712504210972,0.43503526593753283,-3283.134001085203
183,0.5447913441816583,-4569.919665462892,0.4324180455143416,-3308.7460263702847
184,0.5468394020978847,-4570.232722319467,0.4425764095297787,-3077.530362926274
185,0.5416160605881962,-4554.106011221789,0.432506764853365,-3299.0514457253194
186,0.539671199387307,-4569.796024163471,0.4302444217756912,-3310.053536543791
187,0.5431719495454534,-4570.265020622882,0.43889455707003516,-3195.513943396904
188,0.5476252847875056,-4565.727329442504,0.4319744488324448,-3317.4469888314684
189,0.5484349821040703,-4570.267440145747,0.43503526593753283,-3310.2515291825207
190,0.5401474919271307,-4566.337009429519,0.4294903074164666,-3321.710665916585
191,0.5455295976154988,-4570.190116794567,0.433748835560032,-3306.1480956354035
192,0.5432830844747402,-4566.799591423441,0.42864747372086265,-3317.1611999384722
193,0.5447675295502196,-4570.1907291696325,0.43281728253069274,-3305.752134857682
194,0.5498876743462269,-4568.408730820913,0.4313534134777892,-3315.679313945859
195,0.5436323656703901,-4569.578741095578,0.42851439471364955,-3320.929835161342
196,0.5429496796961065,-4567.802373085599,0.4351683449421019,-3299.2002520419287
197,0.5468473403047368,-4570.249256802286,0.4390719957427939,-3164.7966833871033
198,0.5393377946115123,-4568.895193200315,0.4283369560435349,-3322.85636992434
199,0.5407031665522724,-4570.187007435781,0.43450294991925664,-3294.6872474940483
200,0.5457042382135603,-4569.297870395291,0.4299782637639091,-3319.9624868249193
201,0.5473474474736336,-4570.163166241975,0.43769684602891373,-3286.844737190746
202,0.5499035507651358,-4568.340157470611,0.43432551124649793,-3321.381948956685
203,0.5496018988238467,-4570.294881043797,0.43938251342012163,-3304.9803613395693
204,0.5428702976081863,-4566.720695052793,0.43059929912120865,-3325.897102955414
205,0.5396394465497258,-4568.223673008374,0.4304662201139956,-3307.5487201471365
206,0.5443547426876875,-4569.638037792298,0.4345473095874463,-3304.407375130177
207,0.5454502155271054,-4566.3017884766805,0.43397063390098045,-3306.0876397520933
208,0.5418145158105993,-4569.886331289839,0.43175265049149636,-3323.5469773782047
209,0.5496495280777345,-4570.2396081602565,0.43667657366055107,-3296.915067862762
210,0.5479825041907174,-4569.022975748937,0.4349021869329638,-3305.8732577046267
211,0.5508878886783425,-4561.420579083379,0.43485782726477407,-3310.202962746083
212,0.5439657704457116,-4569.202108742825,0.4300226234347428,-3322.910028762108
213,0.5478475546366159,-4569.7684780520285,0.4314421328168126,-3316.855234650559
214,0.5465933176159161,-4560.481332905501,0.4211063301259727,-3305.385652097915
215,0.5469346606066066,-4570.2180219782385,0.4397373907656391,-3181.641203490684
216,0.5499035507646626,-4568.852512971302,0.432772922859859,-3328.56186748231
217,0.5456089797022362,-4565.421197232832,0.43064365878939836,-3338.5779383012145
218,0.5387583053558782,-4570.066038498037,0.4351683449421019,-3323.7663777660246
219,0.5484984877730816,-4570.085743936267,0.43964867142925973,-3185.6272195520246
220,0.5467838346354889,-4568.008403653682,0.422037883157956,-3321.086426997298
221,0.542012971038207,-4569.84404081089,0.42594153395864803,-3304.546166441347
222,0.5390520190881859,-4570.153046589825,0.4316195714869273,-3301.0179568062563
223,0.5498400450902099,-4561.345904323361,0.4349021869329638,-3309.9399939918085
224,0.5482444650866267,-4566.40245760842,0.4273166836725282,-3336.1055963224585
225,0.5424416343227234,-4570.155660057687,0.4343698709146876,-3322.743276707923
226,0.5517452152487949,-4570.234490740457,0.43592245930132645,-3317.020793849265
227,0.5517452152487949,-4569.8828528969,0.4362329769786542,-3304.992482981749
228,0.5501734498664778,-4569.8333165922395,0.4338375548964114,-3335.373274613002
229,0.5470219809035081,-4569.795943512857,0.43175265049149636,-3339.342046782514
230,0.545807434929844,-4569.54861380896,0.4378299250334828,-3316.9488728343504
231,0.5516420185310918,-4570.013803243522,0.4411569001477089,-3278.245512439836
232,0.5471728068715502,-4563.790657314843,0.44093510180676054,-3085.972601933503
233,0.542640089543707,-4568.964677908548,0.43672093332874073,-3307.5614967070787
234,0.5461329014994963,-4568.908642826017,0.4364991349877923,-3313.170654110396
235,0.5513086137522216,-4570.148723675758,0.4357893802967574,-3319.7264148791437
236,0.5540393576434414,-4570.344865500462,0.43512398527391216,-3327.579093326668
237,0.5515308836036977,-4570.31423121196,0.44040278578848435,-3303.2818933887224
238,0.5473950767261019,-4569.778475504196,0.43574502062856774,-3327.1721368253757
239,0.551030776436457,-4566.765306013758,0.4321518875052035,-3331.100238635568
240,0.5420129710377338,-4569.067112020859,0.42940158808008727,-3332.2067271746905
241,0.5420288474516746,-4560.051495393931,0.41733575833249376,-3337.454826130554
242,0.5412270883471667,-4569.686290610346,0.43184136983051974,-3333.070812110696
243,0.5412350265556748,-4569.730284348568,0.43281728252804874,-3333.215366945765
244,0.5476490994125568,-4565.687236530423,0.43543450295124,-3333.808556130947
245,0.5521897549477254,-4561.850283812571,0.43476910792839474,-3328.5649911593414
246,0.5468155874718872,-4569.509343196285,0.43326087920994555,-3334.9317492525784
247,0.5504036579290643,-4568.179866941851,0.44009226811115654,-3309.312802928938
248,0.5514276868895434,-4567.58053226098,0.4339262742327908,-3326.289689793951
249,0.5484270438931964,-4569.734826318449,0.4349909062693431,-3328.112596877353
250,0.5495780841943005,-4570.122230039113,0.4350796256057225,-3328.995696345244
251,0.5483635382218193,-4570.267478961237,0.44315308521624464,-3290.47020505504
252,0.5489192128509827,-4564.684875663926,0.43476910792839474,-3315.6207844716805
253,0.5443309280567218,-4569.602451927163,0.4277159206862353,-3326.130507548795
254,0.545656608956124,-4569.396934139158,0.4331278002053765,-3316.8242382552903
255,0.5457121764204125,-4568.810003375036,0.4306436587867543,-3334.293962627677
256,0.5433862811879483,-4570.263624939708,0.4401809874475359,-3310.7553110819863
257,0.5496971573276004,-4569.9355352837665,0.4323293261779622,-3336.5983585619447
258,0.5447040238828642,-4568.204953067526,0.4321075278370138,-3333.5639728255
259,0.5484111674761801,-4570.0763664918995,0.43494654660115345,-3306.9990846098503
260,0.5429099886530927,-4560.162127968057,0.4334826775508939,-3336.288032124725
261,0.5443229898472672,-4570.300353490856,0.4348134675965844,-3327.698632209709
262,0.5481650829987065,-4569.946028414209,0.4352570642784812,-3332.663042524864
263,0.5513006755444232,-4570.2453796208765,0.4346360289238257,-3321.866314218487
264,0.5496495280737126,-4567.327888270089,0.4374750476879653,-3304.8371261149014
265,0.5514911925618668,-4570.304591453286,0.43987046977020816,-3304.876412203872
266,0.5496733427051514,-4567.845856254505,0.43734196868339625,-3310.1059535779614
267,0.5520309907716482,-4569.28317040646,0.4383178813835693,-3303.4033046795685
268,0.5512689227089712,-4570.324522672567,0.43636605598322326,-3312.353571161902
269,0.5540155430150779,-4569.560744154686,0.4400035487747772,-3298.143769075796
270,0.5551189540627675,-4569.875382832607,0.4428425675389168,-3267.8534881463784
271,0.5503322140461036,-4566.533240010559,0.43698709133787883,-3313.289780790717
272,0.5510625292723822,-4566.051679517181,0.4323736858461519,-3323.5152526058955
273,0.5474427059769141,-4570.261468374296,0.4341924322419289,-3340.0196576130948
274,0.5432513316392882,-4569.688690946727,0.4361442576422749,-3320.2923726293075
275,0.5476887904598291,-4570.07310184823,0.4420440935115026,-3314.142308281111
276,0.5418938978993475,-4568.333532881101,0.4331721598762102,-3344.554685771558
277,0.547657037619409,-4570.1528946513135,0.4378299250334828,-3327.649938925534
278,0.5538488406293098,-4562.017959074984,0.4377412056971034,-3311.1437926465233
279,0.5545791558510935,-4570.382651483123,0.4399148294383978,-3292.7083596477164
280,0.5524755304755468,-4568.011655651119,0.43521270461029155,-3313.4380282218985
281,0.5544045152570538,-4570.373711149595,0.43618861731046454,-3306.137458471293
282,0.5569209275041226,-4570.020372777015,0.43916071507917326,-3300.4236009440237
283,0.5523405809223917,-4567.759278831468,0.4385396797245177,-3302.389173892917
284,0.5551427686887651,-4569.835525196333,0.44528234928934934,-3191.878416198088
285,0.5555873083957391,-4564.268475852331,0.4425764095297787,-3239.6894354118626
286,0.5528803791326462,-4565.077286433703,0.4359668189695161,-3326.746900264243
287,0.545577226870806,-4570.00637113264,0.437519407356155,-3318.3201014189567
288,0.5468711549302613,-4569.825469932942,0.4377855653652931,-3315.5878576208797
289,0.5516658331554334,-4560.610700478496,0.43760812669253435,-3327.0021793679125
290,0.5504512871822423,-4569.4245622691105,0.43672093332874073,-3323.444103861661
291,0.5537853349555669,-4570.401372081133,0.4422215321842613,-3287.774704720755
292,0.5533328570415041,-4569.211444891786,0.436543494655982,-3327.264071257288
293,0.550729124499663,-4569.737816584789,0.4372088896788272,-3312.279356038978
294,0.5537615203290962,-4570.351153608388,0.4388058377336558,-3304.3147182619437
295,0.5516817095769446,-4570.156179655552,0.43636605598322326,-3304.294906776419
296,0.5529994522678386,-4569.202777398831,0.43911635541098354,-3299.584591800517
297,0.5557857636193251,-4569.329138403469,0.4392494344155526,-3299.3597200490385
298,0.5527136767445122,-4569.446886126361,0.43885019740184544,-3301.2669418858522
299,0.5554999880969449,-4570.377007091352,0.44058022446124306,-3299.817991043921
300,0.5539996665999544,-4569.152556213085,0.43601117863770583,-3308.169505634087
301,0.5513721194271475,-4570.340390359185,0.43845096038813836,-3305.7184345614005
302,0.5562303033232235,-4569.865026811536,0.4383178813835693,-3307.1059409952395
303,0.5580957824342998,-4570.387511389708,0.4407133034658121,-3308.450631576724
304,0.5586911481034016,-4569.603262204021,0.4424433305252097,-3270.7946114326674
305,0.5540631722718047,-4563.436610281026,0.438495320056328,-3314.5929811389497
306,0.5555079263045067,-4570.405070987454,0.4412456194840883,-3310.0748195106694
307,0.5580719678068827,-4564.364982975426,0.4446169542665041,-3300.0111128896287
308,0.5580799060158641,-4567.498496996862,0.44155613716141606,-3315.169646096823
309,0.554269565704845,-4566.897881634944,0.43836224105175897,-3323.8347966328215
310,0.5473474474722142,-4570.116499210017,0.44191101450693354,-3297.556643299121
311,0.5472601271738932,-4565.989356047916,0.43694273166968917,-3321.910694975515
312,0.5545156501792432,-4568.0482136506525,0.4364991349877923,-3324.802027360806
313,0.5492684940471056,-4568.516323850151,0.4377855653652931,-3325.6648637655862
314,0.5461408397075312,-4570.172076601395,0.4377855653652931,-3321.4066776777286
315,0.5535710033109429,-4569.934595255717,0.43547886261942964,-3252.2919384699103
316,0.554483897343318,-4569.708363553654,0.42909107040011546,-3320.3627226373105
317,0.557254332282283,-4569.8565613614755,0.434458590251067,-3313.4600796184886
318,0.5558254546651777,-4570.287777652952,0.44341924322538273,-3305.530739123865
319,0.5565002024276411,-4569.341863272446,0.438495320056328,-3315.1830991502084
320,0.55412667793916,-4569.979038654553,0.43503526593753283,-3316.020987482083
321,0.5590245528820351,-4566.533298478759,0.43969303109744945,-3322.2852770710133
322,0.5575480460131713,-4568.239173803243,0.43432551124649793,-3328.0256268974204
323,0.5507767537521313,-4568.8694617928,0.4339262742327908,-3341.9513341699103
324,0.5431560731305664,-4568.251529806409,0.42239276050347346,-3352.7077938526654
325,0.5446484564199952,-4570.115267675413,0.43299472120080745,-3337.550425394105
326,0.5488160161351722,-4568.680842774926,0.43663221399236135,-3328.5798749260794
327,0.5497924158393976,-4569.637835224524,0.43796300403805183,-3331.9419131815625
328,0.5503957197210294,-4570.229903327442,0.44106818081132954,-3319.9789373129784
329,0.5498876743440977,-4569.22294484746,0.4390719957427939,-3324.6427575758103
330,0.5481492065793244,-4570.207183194878,0.44137869848865735,-3322.0298359969524
331,0.5585085693003805,-4566.921818615669,0.4395599520928804,-3234.198903131521
332,0.5461805307493622,-4567.874600050161,0.43490218693560784,-3325.6341320789256
333,0.5671294642545343,-4570.350033790826,0.4451492702847803,-3320.445500289358
334,0.5796400816081004,-4569.808593318371,0.49616288870291453,-3208.6421499818143
335,0.5753693251761666,-4562.291298573991,0.44971831610831753,-3317.6233357044234
336,0.5727655926303036,-4568.040921870244,0.46147362817858323,-3326.445548908684
337,0.5621522072237388,-4569.701004050971,0.4660870336703102,-3322.3539427125356
338,0.5609932287115242,-4565.744721985531,0.4173801180006835,-3337.647869055577
339,0.5618029260280889,-4567.685924288517,0.4203078560985584,-3329.102796147087
340,0.5679470997777144,-4569.95723723269,0.42128376880137547,-3332.382821769716
341,0.5759408762223462,-4570.8102410703095,0.5320498602855535,-3311.7006701345595
342,0.5817119541531633,-4567.122850529316,0.4258971742904583,-3330.73435739419
343,0.5502052027064247,-4569.863445944061,0.42629641130416546,-3316.8343839037043
344,0.559977137960263,-4565.7754327798375,0.42753848201347655,-3255.7942912047974
345,0.5926746207567974,-4571.262342189638,0.553741738030308,-3179.6794953344984
346,0.5916823446317705,-4569.536541404719,0.5615490396290479,-3285.545644686162
347,0.6065585482641267,-4569.374883753375,0.48706915672402973,-3253.8180218531265
348,0.5871655037228362,-4568.664695337428,0.5741915450631073,-3322.2410049305217
349,0.5868162225286057,-4569.414701342154,0.5053453400181787,-3306.425348482681
350,0.5776714057797943,-4569.259032103329,0.46267133921970466,-3349.477728933396
351,0.5809101950451068,-4569.950412993947,0.6014727409997617,-3311.151007550984
352,0.5820771117622808,-4563.387067517978,0.5137293173232148,-3352.0562193342626
353,0.5733688965133548,-4571.569848387463,0.5967706161716554,-3321.6942638320984
354,0.6166956411327604,-4571.2291873793,0.570465332935174,-3313.029265627603
355,0.6462972224249358,-4571.018034899523,0.4915051235429979,-3216.7986996085547
356,0.6153699602333582,-4571.294450469833,0.5653639710933606,-3322.9390615180364
357,0.6137267509737582,-4568.212578397467,0.5529876236684393,-3333.1043996144826
358,0.6100751748437844,-4568.757993182881,0.5694450605668113,-3326.799875936126
359,0.6332626832752924,-4569.35944602375,0.5612385219517202,-3330.8797682047957
360,0.5471728068755721,-4568.532371217288,0.4807257241729052,-3343.8851209187083
361,0.5711223833690474,-4565.342777333659,0.5154149847117787,-3344.5384510295635
362,0.5766473768221542,-4570.808918090401,0.5901166659432031,-3336.000132033783
363,0.581680201316765,-4568.522133131185,0.5688683848803454,-3340.7410195862576
364,0.5996681828678941,-4569.701923411071,0.5741915450631073,-3282.1404365388225
365,0.5977391980823653,-4568.093302104113,0.6308832010121649,-3304.7501962847928
366,0.5621998364750241,-4568.458288036828,0.5460231557653034,-3350.0113312078815
367,0.5687091678413377,-4570.755829939173,0.5852814621105278,-3341.8195999373575
368,0.6134727282863569,-4571.517019021904,0.5821319256690604,-3317.209618188715
369,0.6718741317621779,-4571.48259910228,0.6250277248084828,-3225.8208289534145
370,0.6431536916673988,-4560.249906732659,0.6359845628539783,-3010.103935033497
371,0.629365022667845,-4572.0025545904255,0.595572905130534,-3318.7400508537185
372,0.6337151611900649,-4569.821553132256,0.5540966153758254,-3331.7156622725306
373,0.6110595127550985,-4569.4217530816895,0.5688240252121558,-3343.904333025763
374,0.5937700935947959,-4569.480000791318,0.5377278978138328,-3339.3758139059273
375,0.5868162225286057,-4571.12424765471,0.56265803133379,-3336.3681847838593
376,0.6215935160742162,-4561.967024783282,0.5583995031730383,-3359.1760384246113
377,0.49859096790913315,-4565.211747433681,0.6161114315050008,-3354.2754933298606
378,0.5504433489744439,-4570.953681467267,0.5862130151425111,-3354.537048255467
379,0.5756233478635678,-4570.355553392526,0.5905159029569103,-3350.6391025633193
380,0.5810848356436414,-4570.552991060205,0.5489952535313679,-3357.85825335099
381,0.6061854524429524,-4562.913050566466,0.5425631016465081,-3357.241801669571
382,0.5975407428609085,-4571.296580371718,0.6185068535845996,-3337.3905211735155
383,0.5671532788774563,-4570.5753006227715,0.5359091514008696,-3360.8950817002983
384,0.6000095258545628,-4567.912641641982,0.5719735616536232,-3354.3701793568657
385,0.6287299659488687,-4571.067466218013,0.6363394401968517,-3334.208810540136
386,0.6573233946990008,-4562.735293697006,0.6202368806439972,-3344.8538317188777
387,0.5870067395427372,-4568.985515115457,0.6367830368787485,-3351.3882399076833
388,0.6091464043910808,-4571.572889803989,0.6427272324161659,-3366.374858696882
389,0.5971835234541482,-4561.235871159573,0.5425631016465081,-3389.779605375569
390,0.5681693696296637,-4571.804785520577,0.6514217273786995,-3361.282118798085
391,0.6132901494812066,-4570.163504368236,0.6364281595358751,-3355.132915613608
392,0.6144253133650579,-4569.943995721202,0.60506587412577,-3346.6701862975233
393,0.6281266620653444,-4570.859083486256,0.6510224903649924,-3348.188305084514
394,0.6296904892341852,-4567.8941037667355,0.6173535022116678,-3343.947601766493
395,0.6114961142469403,-4571.371319809791,0.6302178059866755,-3363.671803775593
396,0.6280234653500071,-4570.255787934916,0.5928669653709634,-3357.881140111391
397,0.6251022044439462,-4570.098288178049,0.5830634787010437,-3348.6728658652455
398,0.6200138124869395,-4571.300426677232,0.5974360111971447,-3354.1956154712634
399,0.626586649522501,-4570.885355215862,0.5609280042743924,-3344.3227566932396
400,0.6561564779763855,-4568.356485124886,0.6163775895141389,-3337.4384829628802
401,0.6166400736703646,-4564.957490959399,0.5868784101653564,-3343.305217695158
402,0.6037404840752958,-4566.212533560904,0.6214345916877626,-3365.2374265091244
403,0.625753137577573,-4571.829954765865,0.6150467994658043,-3342.227638192996
404,0.6333261889490354,-4569.340631169954,0.63434325513096,-3356.5293542324202
405,0.6284838814709218,-4568.586432023061,0.5784057135411271,-3338.5656980538556
406,0.6061140085616477,-4571.175513632425,0.6060861464914886,-3336.810892081179
407,0.6404070713589263,-4570.354360855695,0.6369161158806735,-3337.12568474698
408,0.6716518619092823,-4572.323705286715,0.6228541010671884,-3326.5538287108843
409,0.6528224302066096,-4568.334061519187,0.6427272324188099,-3366.9279590805604
410,0.6727870257945531,-4572.137047212937,0.6134054917454301,-3366.882292505705
411,0.6524810872213604,-4570.717707427257,0.6367386772132029,-3362.5740784600366
412,0.6527033570728366,-4570.636924818867,0.6201481613076177,-3365.521082479772
413,0.6455351543601296,-4569.1471819241215,0.5583995031875806,-3347.3489745077086
414,0.6185849348703074,-4572.283747960471,0.6380251075854155,-3334.3354754050274
415,0.6359140450755164,-4562.957917120526,0.6406866876794405,-3355.3822125174192
416,0.5979138386844486,-4565.1035050862265,0.505034822340851,-3352.6594187027445
417,0.573948385769462,-4565.888904154143,0.5831078383692334,-3347.214454342224
418,0.5662562612646997,-4570.301758922522,0.5966375371670863,-3361.584147322227
419,0.6613639430718967,-4572.15002030872,0.6340770971165339,-3352.0825949847917
420,0.6453605137641973,-4567.648067299071,0.5601738899178118,-3373.1291740294205
421,0.6393830424008131,-4571.629566777798,0.6274675065589154,-3362.381904148185
422,0.660530431127915,-4570.970910264925,0.6243623297856375,-3364.4336933575023
423,0.6478451731743947,-4571.371605493296,0.6473849975760825,-3357.6393252715284
424,0.6259754074292857,-4568.892614408669,0.6141596061046548,-3371.4459158849554
425,0.5842918720725556,-4560.88224901184,0.5631903473547102,-3384.3518483892276
426,0.5473315710537784,-4571.780360285712,0.6095462006102839,-3371.120087863506
427,0.6378509680664779,-4571.809852241447,0.5642993390594523,-3359.8212784791604
428,0.6415581116621596,-4572.111704520183,0.6229428204035677,-3364.6257119030283
429,0.600795408542291,-4566.502467484984,0.6012509426588133,-3370.56428311873
430,0.6336199026813432,-4570.168399220488,0.6289313756091748,-3359.7787771653943
431,0.6010891222724695,-4570.926383453122,0.6341214567873676,-3371.2946583017856
432,0.617584720539138,-4564.826328493418,0.6339883777827986,-3376.795736894196
433,0.587554475960317,-4570.385634345678,0.6382912655971977,-3353.014261352399
434,0.5407666722271982,-4562.500750871472,0.5617708379726404,-3379.5436978729354
435,0.5396076937154567,-4569.785074785623,0.6409528456885786,-3371.5947555707744
436,0.5563731910848868,-4568.701224711867,0.5664286031153707,-3369.0502391396667
437,0.5709953720284223,-4566.947857080808,0.5290777624996585,-3385.3381203573713
438,0.569574432619352,-4571.572171559098,0.6174422215506913,-3370.7388757151834
439,0.5885388138730506,-4568.367064746949,0.6144257641137929,-3365.505998766539
440,0.5958578425578215,-4564.678534987838,0.6279111032434562,-3376.4511490256523
441,0.5594135251233012,-4571.714346318536,0.6305726833348371,-3364.7846885946274
442,0.5678280266448877,-4570.220101327617,0.6000088719521462,-3367.1118250910827
443,0.6607368245604822,-4571.963087403983,0.6301734463184859,-3361.2182450109412
444,0.6435029728635219,-4567.5275024052125,0.5882092002136908,-3348.460177403527
445,0.6613004374000464,-4569.816673263149,0.641174644026883,-3336.058692323026
446,0.6610305382927899,-4567.436604558569,0.6477398749189559,-3352.752869654605
447,0.6239273495156616,-4571.048728207991,0.6393115379655604,-3365.6673282378897
448,0.6145999539631195,-4569.23441950194,0.5922015703507623,-3371.014241819822
449,0.6532272788646554,-4572.202287067919,0.6557689748612884,-3152.292348045172
450,0.653790891702327,-4567.762661588869,0.6750654305264441,-3356.397801467109
451,0.6115278670828654,-4569.675875176053,0.5476644634883215,-3349.174916590159
452,0.628444190424596,-4571.430704869325,0.6352748081602994,-3336.825579163874
453,0.6293015169950484,-4571.465647544711,0.5933992813892396,-3334.8127530002607
454,0.6425265731592964,-4571.272968692918,0.618994809934686,-3332.0323455488438
455,0.6330562898441447,-4567.150643025647,0.6123408597062338,-3358.303563240284
456,0.6329610313368423,-4567.440628326903,0.5422525839691803,-3359.5546765508516
457,0.6000730315264131,-4571.423614907208,0.5894512709203579,-3343.7951115302267
458,0.6640470577052069,-4572.405775139262,0.643969303125477,-3327.2088761369205
459,0.7022933485770604,-4568.675077834987,0.6358958435123109,-3364.052386772324
460,0.5862208568524067,-4561.114590360467,0.5640331810503142,-3376.335945988201
461,0.566962761865454,-4571.409728610848,0.5581333451639002,-3380.1738480399476
462,0.6357076516420028,-4569.551011906442,0.624584128126586,-3366.216786998254
463,0.6422011065901172,-4566.910980000785,0.6112762276696814,-3348.8607528629454
464,0.552158002115822,-4568.232780087272,0.5949075101103328,-3381.590553831833
465,0.5689314376904481,-4569.007713272449,0.6045779177756835,-3376.2672422595665
466,0.6089558873764762,-4569.589130959691,0.6020494166888716,-3375.5303869877775
467,0.6417645050961462,-4569.35571902718,0.6369604755541513,-3362.0443649110084
468,0.5432433934267582,-4569.609233372289,0.5507252805762233,-3376.0783711315676
469,0.6252927214594971,-4570.891234712176,0.6688107173116988,-3367.017074184272
470,0.5845141419240317,-4569.762647950182,0.6201038016420721,-3368.5737508941247
471,0.5982234288337727,-4570.174939524343,0.66725812892506,-3362.375549725154
472,0.6382399403079806,-4569.326112003492,0.6636206361335061,-3359.4869265823068
473,0.6087971231959041,-4569.111019936185,0.5855919797904996,-3374.386354016659
474,0.5661848173857608,-4571.270592352863,0.5596859335677253,-3378.6381918524476
475,0.6289284211719814,-4571.799063486206,0.628487778929922,-3328.571178614784
476,0.6744699260985865,-4572.523740191181,0.6406866876794405,-3363.5704086613
477,0.6532907845346131,-4569.18676824084,0.6101672359675834,-3366.8577273972564
478,0.6535606836413964,-4565.276542001417,0.6451670141665984,-3353.5256635473365
479,0.6535289308049981,-4568.576848549269,0.6656168212020418,-3364.784569661418
480,0.6196407166617434,-4559.2410085624,0.6933416138179489,-3344.0018864830568
481,0.5780365633908044,-4564.48423019216,0.669209954322762,-3356.935751259234
482,0.48105546426638884,-4558.889480347384,0.5497493678760503,-3391.020637891278
483,0.48143649830056623,-4570.20292288328,0.6116311050151989,-3367.186481020801
484,0.5764012923446805,-4561.112168607659,0.6464090848759095,-3372.627770966743
485,0.5287244091989148,-4564.167564819731,0.650800692026688,-3381.020015083992
486,0.5026632691160616,-4567.275125038927,0.6181963359099159,-3380.068276078869
487,0.5210481611141261,-4567.496000508946,0.6804329503747515,-3378.9489418655135
488,0.6035975963145789,-4572.290874339236,0.6433926274390112,-3373.577693600983
489,0.5728767275555685,-4569.256974553661,0.608126691230858,-3366.9049979916263
490,0.66277694426962,-4569.166410303346,0.5952623874558503,-3362.8677666472527
491,0.6480833194443065,-4572.260924957737,0.6523532804133269,-3366.6567285143483
492,0.6541719257343751,-4567.947704299051,0.6309719203459002,-3373.7186218388715
493,0.6239432259340973,-4565.909917300778,0.6632213991197989,-3373.790725524659
494,0.6096465115564289,-4571.331851371246,0.6508894113630673,-3365.308039521365
495,0.6629357084482994,-4569.949829031176,0.6229871800717575,-3370.6526374723826
496,0.6323021599899759,-4571.783335232761,0.596415738828782,-3362.2851592772804
497,0.6592523794824006,-4567.200733065413,0.6049327951212009,-3373.136128627582
498,0.5796559580270093,-4569.868993413488,0.6211684336759805,-3376.2260906609913
499,0.5961515562891828,-4570.807964085293,0.6282659805863295,-3369.576922514178
500,0.6847340303087917,-4567.026240623007,0.630439604330268,-3356.8341470324613
501,0.6471942400398215,-4567.644100038065,0.6412633633659064,-3367.8819664284947
502,0.6269676835554956,-4563.810722629001,0.6704963847029068,-3377.196849672372
503,0.5140704754200456,-4561.172311418259,0.5792041875539992,-3372.925907019391
504,0.6003826216757371,-4571.308281623035,0.6728918067851496,-3344.33093708564
505,0.631333698495678,-4566.256929305976,0.6513773677131539,-3365.979245546986
506,0.5783937827949625,-4564.46843255604,0.5902053852822265,-3358.8579968033764
507,0.5617076675193671,-4568.523428400568,0.6291088142845775,-3370.4133738113455
508,0.6245068387703495,-4569.678585990662,0.6370491948905307,-3372.8492271132664
509,0.6034705849668565,-4570.573160422332,0.6263141551886277,-3353.320400353
510,0.6499011693010218,-4572.138791303146,0.6523089207451372,-3365.1652607599444
511,0.6856072332962603,-4570.840817040473,0.6019163376843025,-3371.655884584052
512,0.6271185095266132,-4571.939098336336,0.6377145899133759,-3364.979984906299
513,0.6800107959675267,-4572.026555321496,0.6713835780667005,-3360.4251783529235
514,0.6975304231887597,-4570.59660249784,0.6610477753785046,-3361.7941570196526
515,0.6749541568433697,-4566.820006728726,0.5905159029595543,-3362.0874664506487
516,0.578306462499717,-4563.767639615701,0.6396220556428882,-3376.0437871028466
517,0.6049867828863046,-4566.207281131476,0.6732023244624774,-3381.3256151197816
518,0.5582386701928875,-4568.122813490577,0.5994765559338701,-3385.7514451734082
519,0.5181824676740097,-4570.679022679773,0.6482278312716865,-3371.226846269996
520,0.6144253133641117,-4571.184215107964,0.6744443951717884,-3350.7515270907024
521,0.6241575575746996,-4571.542852337532,0.6915672270930057,-3363.533932219337
522,0.7100013494978926,-4571.619566780058,0.6628221621060918,-3361.518320502477
523,0.6737793019172142,-4569.110594841746,0.6625560040969537,-3350.5917441865777
524,0.6278329483335098,-4569.719819684187,0.6119416226951707,-3357.055998095422
525,0.5742024084528415,-4557.353020017954,0.660160582014711,-3381.5177987251454
526,0.5451088725364149,-4562.305301112957,0.6003637492976637,-3385.891069288173
527,0.5171505005083347,-4571.988732345855,0.6562125715458292,-3373.8916962059716
528,0.6223000166726046,-4572.056013366153,0.6393115379655604,-3358.892192559292
529,0.622657236077709,-4563.701881438887,0.6483165506080658,-3375.018535026021
530,0.5598501266146698,-4570.814852829708,0.6706294637074759,-3371.159949814708
531,0.5518404737525486,-4565.028322361944,0.6511999290403951,-3383.642253997295
532,0.5477919871732737,-4572.128701220065,0.6519984030678094,-3374.7362183671885
533,0.6376445746313083,-4570.907762147277,0.6453000931711674,-3371.6514072004475
534,0.639065514042981,-4570.914191923557,0.623741294433626,-3364.732754455285
535,0.6375810689604043,-4570.3640981498875,0.6342988954627704,-3344.908636285393
536,0.5730037388983228,-4562.314390527288,0.634343255128316,-3360.747300902472
537,0.5236360172455752,-4568.455671830402,0.6015171006705954,-3375.805769948651
538,0.5176664840885699,-4565.266636656921,0.6611364947148839,-3376.712241850004
539,0.5687726735101125,-4566.906580038134,0.6830058111323971,-3373.735206875029
540,0.5712652711318935,-4569.942898873131,0.6541276671409142,-3372.0735221652412
541,0.6244909623533332,-4572.191577216872,0.6781706072997218,-3370.61278792764
542,0.5661213117098887,-4565.569403746938,0.5978352482082078,-3392.3478466752354
543,0.5583180522857759,-4570.338500769763,0.6585636339598824,-3378.277503758321
544,0.6075508243858416,-4572.337084299291,0.674089517826271,-3349.7335866162935
545,0.6606336278427791,-4570.686089233245,0.6612695737194529,-3360.760489533376
546,0.6705484508618293,-4567.5144451724145,0.6455218915121158,-3371.944404434228
547,0.6545926508099104,-4566.59726359829,0.6934303331569723,-3364.5617623125677
548,0.617044922327464,-4562.956005588989,0.6766180189130829,-3374.4896574394784
549,0.6022004715338719,-4571.9490763250815,0.6510668500358261,-3371.1406014335034
550,0.5710668159097271,-4569.644432331895,0.6307057623367621,-3369.4436175782494
551,0.6117421987279625,-4570.177559459262,0.6200150823056928,-3371.2112466093336
552,0.6306668889403034,-4571.966513171567,0.6552810185138459,-3348.643846530159
553,0.6080985608074432,-4564.065395587501,0.6635762764653164,-3367.6347175478086
554,0.5681773078405377,-4567.960530609277,0.6833606884779145,-3377.1749037704244
555,0.6115119906660857,-4570.906798982153,0.6864215055803585,-3337.1684633011837
556,0.5620728251339259,-4562.106904793018,0.6775939316106119,-3382.6327428470427
557,0.5169123542384229,-4568.896309574373,0.6647296278382482,-3375.779709597412
558,0.599287148834663,-4570.847520377509,0.6755090272083408,-3354.4223291483777
559,0.5712890857576545,-4564.492820069374,0.658607993628072,-3384.744877922108
560,0.5340906384734605,-4570.719074982768,0.6750654305264441,-3376.4759885746253
561,0.590769450596793,-4570.16666889579,0.678836002322567,-3373.4025868061235
562,0.6356520841805533,-4571.775989939096,0.655547176522984,-3353.679144049814
563,0.6338977399961614,-4561.192142445892,0.6644191101609204,-3371.589695197235
564,0.5348923975810439,-4566.120370860182,0.6664596548976457,-3354.071663291062
565,0.4829130051684838,-4563.569259441048,0.6041786807619763,-3385.1929661326226
566,0.4797853508298557,-4570.333966161443,0.6350973694901847,-3376.7523294390558
567,0.5040365792676955,-4568.452863235803,0.6229871800744015,-3395.2740246729363
568,0.5494272582222365,-4569.929629264569,0.5658962870970945,-3381.557461325418
569,0.5856254911790465,-4571.72466942003,0.6593177483191069,-3361.5783205016696
570,0.6407563525559956,-4568.916086782153,0.6843366011780876,-3366.8142048487543
571,0.680995133879314,-4572.263900232952,0.6872643392786065,-3341.768084474725
572,0.6208790772632977,-4566.988991564064,0.6301734463211299,-3349.1041421857262
573,0.616973478448525,-4570.517832904848,0.6618462494059189,-3370.4528211104926
574,0.592920705233798,-4567.512836665986,0.5639888213821245,-3383.8727348596735
575,0.6092337246884556,-4572.17382494364,0.671294858730321,-3358.3829914344606
576,0.6518857215463443,-4570.096903436318,0.6446790578165119,-3347.1694336376836
577,0.6366840513481209,-4566.020667198798,0.6684558399661814,-3369.8986165141837
578,0.5443864955236126,-4569.3242061903165,0.6712504990621314,-3378.2152473388323
579,0.5396235701312901,-4562.800326198822,0.6352304484921096,-3383.065352984405
580,0.4923356592288014,-4561.757853501659,0.5777403185209259,-3386.5164700028045
581,0.4768402753008727,-4564.5453507500615,0.026039125229656835,-3387.4992565392695
582,0.4915339001221643,-4565.301201399055,0.6873974182831756,-3382.1649313221137
583,0.5453549570174373,-4571.793818770199,0.6761744222311861,-3363.044531155377
584,0.5681296785835744,-4569.23857150026,0.590560262627744,-3390.0835552933277
585,0.5161582243847271,-4571.213650826723,0.6319921927169069,-3393.8603589145873
586,0.6224429044337947,-4571.2467981505015,0.6813645034093788,-3358.3465274998753
587,0.718288839674359,-4570.310738628566,0.6690768753208369,-3343.33728223593
588,0.6101069276752146,-4565.434794221668,0.672004613421356,-3364.3153430427637
589,0.5666214188778391,-4564.882874715324,0.648139111935307,-3370.059261875113
590,0.6349535217911461,-4570.555654756325,0.681763740423086,-3361.0714122200216
591,0.6538543973732309,-4569.182511943947,0.6852237945418812,-3372.075467034293
592,0.6503933382588082,-4565.65391280316,0.6762187818967317,-3341.0793499547026
593,0.5755677803976234,-4561.589918025188,0.6940957281745295,-3362.6656436618323
594,0.5055527771831219,-4565.873142895127,0.668234041625233,-3385.1945454431175
595,0.5496654044947508,-4570.793848559961,0.7145011755444273,-3368.137509461627
596,0.5580322767619763,-4570.4087693518895,0.6686776383071298,-3371.200779666168
597,0.6397958292687864,-4570.970561804438,0.6646409085018687,-3346.8519880319927
598,0.6201567002490759,-4571.8922175167445,0.6281329015817605,-3338.404708381639
599,0.6179260635262798,-4560.0083823640025,0.6512442887059408,-3350.9524642681795
600,0.5972232144990546,-4567.294844125542,0.654571263822811,-3375.6106558061188
601,0.56939979202271,-4570.539598218581,0.6764405802403242,-3369.318060541853
602,0.5922459574718079,-4566.736100744645,0.676041343226617,-3376.7295715981577
603,0.5880466449162106,-4564.944946643921,0.650933771031257,-3381.0830338796263
604,0.5463631095554587,-4567.762980451582,0.6567448875641054,-3373.997436818195
605,0.47545108872962016,-4567.938338571832,0.6666370935677605,-3369.2691362430096
606,0.5020440888143382,-4567.909310808948,0.6600718626756875,-3354.780151660888
607,0.5330904241413448,-4566.862889115269,0.6787916426543773,-3376.4159694516034
608,0.555603184811809,-4569.648900617948,0.6565230892231569,-3378.094978125375
609,0.5924761655313189,-4570.980147168989,0.6638867941426442,-3372.264980291985
610,0.5943337064329407,-4570.206169841749,0.5705984119252008,-3372.9158592476256
611,0.6027164551148168,-4570.099092255483,0.6413964423704754,-3351.9322714662826
612,0.6518539687113655,-4563.786729951782,0.6681896819543993,-3341.754693063928
613,0.5585561985511928,-4559.510533795252,0.5557379230816574,-3387.312978295506
614,0.535146420267972,-4572.2240609668,0.6879297343014518,-3357.418198100191
615,0.5666055424617691,-4566.6274403551215,0.608925165241086,-3383.512959833297
616,0.49580465655717365,-4570.292195706042,0.6379363882516802,-3376.0513471008717
617,0.5932938010573381,-4566.119670311392,0.6490263052991008,-3383.88856591691
618,0.49648734253003773,-4571.844102027009,0.6539058687999657,-3369.5823711025646
619,0.5312249450312149,-4566.082378694691,0.7034556181625524,-3374.4581259416454
620,0.5381550014697516,-4563.305706433683,0.6558133345321221,-3371.1467403505276
621,0.5042350344917546,-4567.9751951384305,0.6805216697137749,-3362.5011339700777
622,0.5443944337307013,-4564.176052426346,0.6727587277805805,-3370.882220310554
623,0.5759091233878406,-4570.423463671913,0.6854899525510193,-3375.532677541559
624,0.6395100537430942,-4572.413377536453,0.6776826509496353,-3351.7942712010104
625,0.6919101712300066,-4570.136309351995,0.6752872288673925,-3350.9639906229
626,0.6367554952284794,-4559.57250461634,0.6817193807548964,-3363.9578479220395
627,0.5594055869157394,-4568.269655006077,0.6832276094707015,-3374.7063336159795
628,0.6367316806024819,-4567.192498190948,0.6970678259458822,-3351.231274218154
629,0.5686139093304867,-4559.075379863148,0.3692942376857123,-3381.2433379705726
630,0.45674073016119365,-4569.09537218441,0.621789469030636,-3402.0060670516805
631,0.44040389607367775,-4566.211521244732,0.3716896597679551,-3382.062584994198
632,0.43687933128598516,-4560.975666546967,0.616643747523277,-3382.7600347065163
633,0.5461646543313996,-4570.569831635903,0.6756421062102659,-3379.520130863451
634,0.4938677335652658,-4567.927242051379,0.6561682118776395,-3377.169547211271
635,0.5321934065238567,-4564.021912788085,0.026039125229656835,-3390.2440033215776
636,0.489716050265449,-4570.8004278998005,0.668100962620664,-3368.3732987025537
637,0.5627713875233331,-4569.20297208513,0.701148915419333,-3370.4015754290326
638,0.5618505552789012,-4570.407126551526,0.6785254846425952,-3295.8734671089032
639,0.5693442245598409,-4569.689758017714,0.7052743645583294,-3350.6019276298202
640,0.5489747803107762,-4558.690567287359,0.6484496296126349,-3366.42204967531
641,0.48760448668044776,-4564.658096607345,0.6775939316106119,-3363.3328974339734
642,0.5512212934560298,-4562.510738764949,0.683582486818863,-3367.4900100906034
643,0.5149913076658971,-4569.134020529181,0.6677460852725025,-3353.9812181496513
644,0.5300342136849677,-4566.758011750721,0.6902807967128609,-3376.6755308456177
645,0.5672009081339464,-4569.747140935901,0.6795013973454123,-3374.263386131491
646,0.5139672787068376,-4569.723248379527,0.6559020538685014,-3377.8727607939422
647,0.6128138569409098,-4570.794208058667,0.6865545845849276,-3369.5865670174
648,0.5613425099031523,-4557.602116968297,0.7104644457391662,-3373.2333999577395
649,0.5177379279694014,-4560.407551834027,0.026039125229656835,-3389.2544165559107
650,0.4885570717582025,-4565.656934069694,0.6336778601081148,-3388.456075754996
651,0.5356544656408819,-4571.910341365397,0.6844696801826566,-3368.65742663024
652,0.5887293308926234,-4568.627289866339,0.6707181830438552,-3376.4352798660325
653,0.5802751383275498,-4570.509898811414,0.6888169276626014,-3266.339896236164
654,0.525485619934667,-4566.20074229204,0.6275562258952947,-3385.7958855345737
655,0.533773110114682,-4566.105197808699,0.6201925209758075,-3404.0340973439015
656,0.5036952362841024,-4569.16048909211,0.6241848911155229,-3402.690114517197
657,0.5997634413761428,-4570.062709325733,0.6903251563810506,-3366.764035468695
658,0.6544894540936268,-4569.951771693262,0.6856230315529442,-3360.2840597230506
659,0.6494090003441819,-4570.918299945253,0.6601162223465212,-3364.4555992264927
660,0.6194740142731363,-4570.872771743037,0.6575877212597093,-3293.6886041531498
661,0.5778381081662721,-4562.02933465837,0.6234307767562983,-3378.9769303291973
662,0.6249434402629009,-4572.341819192908,0.669343033329975,-3356.103433944802
663,0.6055821485603744,-4565.533906172228,0.6615800913967808,-3374.39966249485
664,0.6159097584436127,-4571.359307325023,0.6918777447676895,-3352.4048532229513
665,0.6594349582884971,-4571.171457590443,0.6619793284104879,-3365.4056472727766
666,0.6392560310585319,-4569.397567352558,0.6094131216083588,-3376.967727347634
667,0.6226969271235617,-4569.4823578215255,0.6559464135366911,-3369.215444426779
668,0.6276821223614458,-4569.951358035582,0.6696979106754926,-3378.1891406536715
669,0.6349376453691618,-4568.663390925102,0.6688107173116988,-3377.162907981674
670,0.5678835941072836,-4570.341198177534,0.6532848334453102,-3371.5325892256405
671,0.644892159433355,-4567.467037530425,0.6774608526086868,-3361.7817462110925
672,0.6096544497642273,-4567.4154599488,0.6641529521517823,-3372.048734433976
673,0.5867765314836992,-4568.846738081752,0.6768398172513873,-3374.735153427216
674,0.6244750859348974,-4572.53295403809,0.6781706072997218,-3367.032032792128
675,0.6425265731569306,-4565.886808315124,0.5963713791605924,-3382.6987167906964
676,0.5995411715215911,-4566.722257445966,0.6152242381412072,-3386.347645963216
677,0.6336357790997789,-4571.521428335047,0.6506232533539292,-3370.0939724532595
678,0.5827121684838595,-4563.591752004256,0.6338996584490633,-3381.564865657633
679,0.5698602081431515,-4564.497570881267,0.6464978042122889,-3401.835505688174
680,0.492954839529342,-4566.75819274379,0.7019917491149369,-3379.320883090751
681,0.6077651560292827,-4571.194847446772,0.6742669564990298,-3369.430820650171
682,0.6435664785330064,-4572.025218755311,0.6894379630172569,-3368.290525717241
683,0.6403832567298532,-4568.276116253413,0.7040766535198519,-3369.74574514538
684,0.62713438594221,-4570.145035993713,0.6946724038636394,-3366.3645479876354
685,0.6294999722165051,-4567.160659907388,0.6305726833321931,-3378.8679017955483
686,0.583212275650627,-4572.1367233451665,0.6588741516372101,-3364.2596440602706
687,0.6713978392228274,-4570.974152738005,0.6741782371626504,-3355.934313698341
688,0.6297539949074551,-4571.372932690729,0.6527968770952237,-3356.158355987575
689,0.6591809356010958,-4563.889217445303,0.6614470123922117,-3336.8416464937
690,0.6510839624397072,-4571.93000748189,0.6723151310986838,-3363.2705717122117
691,0.6162987306806205,-4569.632330887032,0.6812314244048098,-3365.352629487328
692,0.6368110626904021,-4571.926581416959,0.6745774741763575,-3370.624039887293
693,0.6519651036340279,-4567.542265954966,0.642283635734269,-3376.0267201303795
694,0.6246894175773923,-4572.220460899025,0.6879297343014518,-3359.1392044189347
695,0.6458764973479811,-4571.5689678452145,0.6975114226277791,-3364.5342740516553
696,0.6585379406731382,-4569.558738738116,0.6983986159915727,-3364.5607892464436
697,0.6645392266620468,-4571.057696831145,0.6335004214353561,-3365.4001569049897
698,0.6157748088918772,-4569.870696935037,0.6212571530123598,-3375.8687196259107
699,0.6123851936528447,-4566.989822808398,0.6638424344744545,-3376.3105363229656
700,0.5598024973652771,-4570.392747579522,0.6702745863619584,-3162.5636532080025
701,0.5924920419502278,-4568.487616386789,0.6992414496871766,-3365.0890765805448
702,0.6325403062568122,-4570.099857503043,0.7009271170783845,-3369.8728092862693
703,0.584014034756791,-4562.282006033776,0.6638867941426442,-3376.844893808707
704,0.605383693335369,-4569.375885993699,0.681763740423086,-3373.2223194133144
705,0.5880228302932886,-4570.083816591651,0.6559907732048808,-3375.7162492496172
706,0.606622053935977,-4566.391088911895,0.7015037927648504,-3346.093182614653
707,0.5283910044253677,-4567.672745616288,0.6727587277805805,-3366.4613185855155
708,0.5454819683625574,-4569.46834093597,0.6737346404807536,-3380.8561989591713
709,0.5399728513290692,-4571.9450459727805,0.6196602049601754,-3378.350594004621
710,0.6428520397246904,-4564.823972936113,0.683449407814294,-3353.13180881667
711,0.6740492010211586,-4572.418254372445,0.7103757264001428,-3347.200949983018
712,0.6385495304582508,-4564.049938169562,0.6968903872731235,-3358.5656669586283
713,0.639319536729436,-4570.519309617734,0.6861553475738645,-3366.9884615822493
714,0.6143221166473548,-4570.849174328953,0.6777270106178249,-3367.331158981705
715,0.6623403427765954,-4565.612998758882,0.6967129486003648,-3360.799963850066
716,0.6799234756677861,-4569.944790018701,0.71215011312773,-3121.9562123814803
717,0.595953101065597,-4568.513879037634,0.7096659717117519,-3124.2975134960598
718,0.5839822819177903,-4568.4761039853,0.6918777447676895,-3358.9689127402303
719,0.6028593428778994,-4569.107108777244,0.6512442887085849,-3368.375343443195
720,0.5331380533926302,-4566.589711614397,0.6372709932314791,-3382.311544508296
721,0.5847046589376901,-4572.3512496476,0.6699197090164409,-3184.525435208164
722,0.6413120271851591,-4568.73893267844,0.6889943663353602,-3362.370738538638
723,0.6169179109825805,-4566.108893555479,0.6928980171360521,-3376.0682588274876
724,0.585482603419749,-4571.255613436079,0.6828283724596383,-3365.7390901563817
725,0.6421534773367027,-4568.651142591013,0.6933416138179489,-3369.227712708241
726,0.5932858628483567,-4569.016156400286,0.7246151798863867,-3345.7843604591044
727,0.52134981305991,-4554.950428323578,0.026039125229656835,-3373.6362294306355
728,0.30131853651344825,-4557.874488063625,0.026039125229656835,-3417.235231899662
729,0.38147857080509157,-4568.672144728714,0.5960608614832645,-3408.6820771949597
730,0.5622157128936965,-4571.711700624901,0.6978662999732965,-3357.53170080157
731,0.5881339652185534,-4570.262119782886,0.6739120791535123,-3372.9574436510234
732,0.5667008009695446,-4571.097618162032,0.6751985095310131,-3367.1198823415507
733,0.6487104379528821,-4571.923416905749,0.6831832498025118,-3351.7148197824336
734,0.630293793118656,-4569.733005526239,0.6893492436808776,-3354.2005217113315
735,0.6400180991167139,-4571.930648918816,0.6957813955657374,-3367.0944185086682
736,0.6209743357732024,-4563.109680064124,0.6989752916780385,-3352.861476181023
737,0.5778698610038534,-4561.374009382235,0.026039125229656835,-3287.9230017422183
738,0.3869559350036009,-4563.405103721858,0.026039125229656835,-3394.2047891570073
739,0.49567764521039753,-4566.125468882994,0.026039125229656835,-3013.837357194444
740,0.4820556786025263,-4567.342003785231,0.6153129574775865,-3379.0588525715534
741,0.5511101585302918,-4571.337650637389,0.6861553475738645,-3373.53580474532
742,0.5766156239843364,-4564.388441982602,0.6862884265784336,-3368.2089675830684
743,0.6253721035507295,-4570.021485458507,0.6702302266937687,-3371.6785338774116
744,0.5673676105230266,-4569.899348691473,0.6913897884176029,-3370.858310082724
745,0.6104800234999375,-4570.731321573471,0.7018143104421782,-3315.8856666029405
746,0.6079477348367988,-4568.498104201662,0.6988422126734695,-3300.343503660526
747,0.572257547253845,-4559.8916761527835,0.629330612625526,-3403.0165609810415
748,0.5273590372578,-4568.425091842674,0.6169099055324151,-3393.1169691183327
749,0.5459900137364136,-4569.37600841454,0.6636206361335061,-3367.2205072066927
750,0.6447572098820925,-4571.63858276717,0.6964467905912267,-3321.0915024519254
751,0.574083335322144,-4567.717633782853,0.686510224919382,-3371.151149363472
752,0.5680741111237808,-4570.854700909798,0.6678348046115259,-3371.6093008818266
753,0.5867209640179913,-4567.224282250098,0.7066051546066638,-3335.394235960039
754,0.6117263223114194,-4572.067834355255,0.7050969258882147,-3354.7560517957468
755,0.6620625054608308,-4562.510557245013,0.7023909861312881,-2920.827462689517
756,0.6237130178722204,-4571.384607540364,0.7058066805792496,-3368.9480550521303
757,0.6099719781241887,-4566.783210902571,0.639089739624612,-3395.949428214243
758,0.5426480277557638,-4567.408690578723,0.6472075589033238,-3379.2875501640897
759,0.5867606550633709,-4570.745233973771,0.7022135474558854,-3301.804180872037
760,0.6372952934392071,-4569.645627715262,0.6957370359001918,-3361.7888686493975
761,0.6021607804870728,-4562.132768497427,0.6802998713728265,-3376.0105565880435
762,0.6015257237709354,-4572.317865763447,0.7085569800070098,-3341.293326756284
763,0.5925634858310594,-4560.700144043161,0.6989752916780385,-3358.168338437726
764,0.5693997920196344,-4565.225169455099,0.6969791066095029,-3376.928606089231
765,0.5794733792190202,-4564.591699782141,0.7111298407620114,-3353.205527329844
766,0.5430687528327185,-4555.630534626979,0.026039125229656835,-3373.9395751690627
767,0.5421479205904157,-4568.040522531878,0.026039125229656835,-3220.508197786095
768,0.49396299207351446,-4568.907830695433,0.648848866623698,-3376.4289306814835
769,0.5334555817544842,-4570.605142620176,0.6496029809855666,-3372.3804087382487
770,0.6331991776048617,-4568.897516684552,0.7067825932794226,-3358.8699827504306
771,0.5526263564447718,-4566.410681073784,0.5927782460372281,-3380.572331001547
772,0.5739404475569321,-4571.534446368317,0.6965798695957958,-3371.778004216655
773,0.5736070427837398,-4571.716116142427,0.6975114226277791,-3367.4334289851313
774,0.5922300810505332,-4563.240513855631,0.7158319655901177,-3367.802564958711
775,0.5501337588255931,-4565.522883194482,0.6378033092471111,-3372.2643723007486
776,0.5315742262278111,-4566.926124250532,0.6405979683430612,-3388.509750632942
777,0.551435625094976,-4567.643573704681,0.6305726833321931,-3381.680583374706
778,0.5722178562105946,-4568.368472143307,0.696402430923037,-3359.162879006968
779,0.5789653338451639,-4563.840692027422,0.7060284789201979,-3369.6637779410853
780,0.5776317147363073,-4570.1548919044235,0.7155658075809797,-3370.778298553724
781,0.5685186508257868,-4565.417623921712,0.7022135474558854,-3376.8595114054424
782,0.5506656188247372,-4569.353912766076,0.6378476689153009,-3380.780806285859
783,0.5654148111150489,-4565.721520642172,0.026039125229656835,-3390.8087747781824
784,0.4954236225234694,-4565.31786908325,0.026039125229656835,-3407.0221733699614
785,0.5170314273731421,-4569.1690071756075,0.6020494166888716,-3403.7414852560387
786,0.5233502417201196,-4571.3585382869915,0.6258705585040868,-3382.527032052424
787,0.5443626808961955,-4567.646018172624,0.7012376347557123,-3373.9422285783653
788,0.566796059476847,-4566.60898495903,0.701148915419333,-3285.7392226125135
789,0.5767902645847637,-4570.141247745242,0.7065607949384741,-3371.4262483242333
790,0.5757503592086879,-4559.349855934874,0.026039125229656835,-3382.67046043999
791,0.5559048367549907,-4566.400442505131,0.026039125229656835,-3387.708983254434
792,0.5204210426090992,-4562.492166354523,0.026039125229656835,-3297.633377740373
793,0.4236860279586086,-4558.576255638334,0.026039125229656835,-3391.523629088572
794,0.4225667404962686,-4568.061890213376,0.026039125229656835,-3388.323924281109
795,0.5096250783905234,-4563.057921037496,0.026039125229656835,-3392.9882831522723
796,0.4654251307841222,-4562.108772576668,0.026039125229656835,-3395.8019718292767
797,0.5259063450116216,-4567.556914699172,0.026039125229656835,-3401.3556081446272
798,0.5178649393171239,-4567.783335503289,0.026039125229656835,-3380.945930672724
799,0.4794757606836072,-4569.432501915996,0.6602049416829006,-3374.043307378775
800,0.5679312233621177,-4563.556006331956,0.6810096260638614,-3237.2892641921553
801,0.5194684575268494,-4559.657700919157,0.026039125229656835,-3362.424790493139
802,0.10761829916099971,-4561.850158365043,0.026039125229656835,-3376.7346603939454
803,0.511816024072908,-4566.427377476924,0.6529743157679825,-3381.330200795362
804,0.5479348749368296,-4566.288987590803,0.6889943663353602,-3367.7184738155074
805,0.5874512792440334,-4569.723899549096,0.6795457570136019,-3371.5604453582873
806,0.5954529938962271,-4569.123771941389,0.6802555117019928,-3373.677302206144
807,0.6101545569331241,-4568.465787507353,0.6751985095310131,-3373.354757924112
808,0.5697093821734533,-4566.891995412543,0.026039125229656835,-3379.8983332159482
809,0.4518111023802641,-4557.274303844766,0.026039125229656835,-3387.529161573879
810,0.42012971033499086,-4564.435759808741,0.026039125229656835,-3387.7286070027412
811,0.543084629250681,-4560.241831337834,0.026039125229656835,-3386.6533814060153
812,0.5101013709334226,-4563.767934827058,0.026039125229656835,-3387.9556803790665
813,0.5263826375526282,-4569.748688259031,0.6703189460301481,-3385.024500168592
814,0.5646527430528451,-4569.8791785878175,0.6584749146235029,-3354.645279966663
815,0.5855699237171238,-4561.106255469544,0.6680566029498303,-3390.1117258012673
816,0.5517690298717169,-4568.328691671502,0.6658829792085358,-3388.0067669484934
817,0.5577147484017784,-4570.2279296981005,0.6989752916780385,-3372.8076829464176
818,0.5462202217942687,-4560.531301754227,0.026039125229656835,-3390.0359289495227
819,0.4526525525312162,-4562.286889969374,0.026039125229656835,-3398.4477727573617
820,0.20302763290570044,-4564.432923284463,0.026039125229656835,-3362.260079459237
821,0.5109110682469118,-4556.2921416962245,0.026039125229656835,-3393.9669498990306
822,0.3362069649883454,-4564.124002096137,0.026039125229656835,-3393.6824778271607
823,0.45667722448934334,-4558.210081168414,0.026039125229656835,-3396.09257581387
824,0.5161899772220717,-4568.976138863313,0.026039125229656835,-3389.7439164030243
825,0.48704087384230305,-4565.544973747273,0.026039125229656835,-3391.8929391341335
826,0.5242075682891525,-4565.863657657696,0.026039125229656835,-3408.150125838276
827,0.46621895168225114,-4563.814438796599,0.026039125229656835,-3399.7550192450176
828,0.4918514284854377,-4569.750871591645,0.6727587277805805,-3385.73666552713
829,0.5832995959480017,-4571.707567005393,0.6987091336689004,-3363.662920350165
830,0.6335802116354904,-4571.851940545794,0.69178902543131,-3363.589614635192
831,0.6091781572279523,-4560.487603563299,0.6954708778910537,-3376.0444704519955
832,0.5507291244991899,-4566.788760376256,0.6886838486606764,-3381.6974954163866
833,0.5804974081776065,-4572.03703859267,0.7017699507739885,-3367.8658815036674
834,0.6432330737562654,-4566.941217915058,0.7145898948808066,-3373.9411422014714
835,0.5710191866553662,-4560.909807277753,0.026039125229656835,-3293.7849157301052
836,0.531248759659105,-4565.826357445554,0.026039125229656835,-3378.2714514638233
837,0.561207560354019,-4568.460878034652,0.6941400878453632,-3364.1530016361753
838,0.5510704674813635,-4565.376573473495,0.026039125229656835,-3368.6382066360707
839,0.48160320068609785,-4562.996492164224,0.026039125229656835,-3383.1741982825197
840,0.4844609559229108,-4565.5116508322735,0.026039125229656835,-3377.0287615214
841,0.5542060600334678,-4566.720970582823,0.026039125229656835,-3377.1556413095304
842,0.5223103363426242,-4568.389900078973,0.6553253781820356,-3379.1816026945003
843,0.5039333825549606,-4564.565809623049,0.6524863594178959,-3385.7730097113485
844,0.5486572519510514,-4569.715285059052,0.6837599254916217,-3373.0068844958228
845,0.570003095905761,-4566.462224417858,0.7066495142748536,-3368.5346241818447
846,0.6126233399267783,-4564.087151880302,0.6948942022045879,-3365.281634526324
847,0.5733053908379557,-4558.421118841584,0.026039125229656835,-3377.9186345227827
848,0.5356385892231559,-4564.064284214125,0.026039125229656835,-3381.1864900805376
849,0.43484714978630185,-4564.950251263127,0.672004613421356,-3357.6829297800946
850,0.5609297230396739,-4562.876407708921,0.026039125229656835,-3376.565003351295
851,0.5300739047303473,-4569.460880163547,0.7011932750848786,-3354.1595996473957
852,0.5063704127093775,-4559.79857550294,0.026039125229656835,-3370.0368712367103
853,0.5043779222574396,-4570.861038005603,0.6799006343564753,-3353.3790498310136
854,0.49906726044588134,-4561.922958453188,0.5930000443781764,-3393.105462252996
855,0.46717947496756773,-4562.8768558855245,0.6591846693145379,-3381.9906836374416
856,0.45558968985890663,-4563.3521603488625,0.6582531162825546,-3388.662237672963
857,0.4928437046066795,-4567.844236929703,0.6906356740557343,-3351.6991370165406
858,0.5412032737221154,-4564.761635807725,0.704342811526346,-3356.601992109339
859,0.5704555738176946,-4559.996726875301,0.716053763928422,-3355.4159410094294
860,0.4729743675274578,-4559.254536546689,0.026039125229656835,-3393.659883049489
861,0.3392314226080876,-4568.249790275622,0.026039125229656835,-3408.4202563155277
862,0.49731291626314555,-4569.634805088622,0.6986204143325211,-3370.1854803998644
863,0.5332968175741486,-4562.723544078833,0.6610477753785046,-3381.213079977643
864,0.5505147928552756,-4569.812280221135,0.7133478241688515,-3364.507713645944
865,0.5554761734704742,-4560.163240201515,0.026039125229656835,-3368.285393977215
866,0.4986385971604186,-4558.999502354962,0.026039125229656835,-3372.6637580444135
867,0.3313567192981751,-4562.452094260663,0.026039125229656835,-3389.0290888320455
868,0.46261500480687484,-4565.240838380317,0.026039125229656835,-3388.40285330477
869,0.4498344883429767,-4568.819308764614,0.026039125229656835,-3386.577246284599
870,0.4758559373881391,-4568.544234965987,0.026039125229656835,-3370.595119062642
871,0.5027347129987858,-4564.599985427953,0.026039125229656835,-3318.83227993218
872,0.3745564525733183,-4555.927297347232,0.026039125229656835,-3363.010189910761
873,0.07746898144870133,-4558.180724151159,0.026039125229656835,-3376.834472873992
874,0.12328832368840942,-4556.9811652856515,0.026039125229656835,-3394.3037743075147
875,0.10753891707378915,-4566.536813298892,0.026039125229656835,-3389.7507291939437
876,0.5006628404515937,-4565.913787767106,0.026039125229656835,-3383.7728445591597
877,0.49536011685516773,-4566.7045265604,0.026039125229656835,-3318.6084458894074
878,0.48293681979944947,-4562.51075073245,0.026039125229656835,-3213.453489092848
879,0.4168274153987744,-4568.141677350041,0.29374972275868394,-3362.8038767030857
880,0.5783779063781828,-4561.869574910385,0.7137027015143689,-3281.4599882018483
881,0.5260651091943229,-4559.874806882641,0.026039125229656835,-3383.432822541971
882,0.46756050899961593,-4562.021518555965,0.026039125229656835,-3362.0075782116264
883,0.4776579108222786,-4560.814047623571,0.026039125229656835,-3393.8308714229233
884,0.5261921205366041,-4570.7691908075285,0.6981768176506243,-3356.226359944956
885,0.37283386122423057,-4555.002101358968,0.026039125229656835,-3398.9123364377347
886,0.10711025378525087,-4567.20883496708,0.026039125229656835,-3391.0855783561433
887,0.5284227572594001,-4569.7392280396925,0.026039125229656835,-3381.612403823009
888,0.5146182118433033,-4563.889171094646,0.026039125229656835,-3392.1191463727673
889,0.5160550276684436,-4570.7661706582585,0.6995076076963147,-3380.537933036914
890,0.5595246600499856,-4564.212005608966,0.7224415561503803,-3358.635321773506
891,0.5752899430837514,-4563.809237740883,0.026039125229656835,-3384.4272133006243
892,0.5728687893461141,-4571.829571164934,0.7227520738277081,-3358.5809463556734
893,0.5438784501488101,-4564.75934077265,0.6941844475161969,-3361.2245388100173
894,0.6130758178368192,-4571.630335853931,0.7039435745152829,-3350.808037921085
895,0.5999698348096564,-4561.137986846437,0.6846471188527713,-3136.2551683841884
896,0.5690187579916081,-4567.654327460478,0.7193807390426482,-3337.998925454095
897,0.546045581200229,-4563.549537760673,0.026039125229656835,-3277.0996607661496
898,0.5552062743646372,-4571.618586022115,0.7097103313772976,-3227.9716876759976
899,0.581799274448882,-4563.348754455172,0.6681453222862096,-3355.7273082079123
900,0.5122923166108391,-4564.938240772523,0.6629996007788506,-3378.079410898946
901,0.5852603335668535,-4566.071638876921,0.685800470225703,-3377.9323342746393
902,0.5516896477845065,-4569.149611008412,0.6864658652511922,-3382.0558510041355
903,0.5521976931612016,-4570.9443212943415,0.6914785077566263,-3374.7931655189273
904,0.6347788811926114,-4564.892789612449,0.6914785077539823,-3335.353337074539
905,0.5965722813661375,-4561.713928590323,0.6920108237749025,-3356.7755570672703
906,0.47348241289918486,-4554.889290910531,0.026039125229656835,-3401.538177087938
907,0.45920157494279107,-4564.232962292043,0.026039125229656835,-3396.615863765909
908,0.4525652322330135,-4562.1186256985975,0.026039125229656835,-3380.8238599035662
909,0.44288061727986194,-4567.180509517863,0.026039125229656835,-3358.4870492119503
910,0.5676692624626596,-4563.396706379605,0.7039879341834726,-3302.6113764110287
911,0.44500011907384446,-4559.823358385433,0.026039125229656835,-3382.712453138742
912,0.5298595730854867,-4571.719201526751,0.7170740362994288,-3355.183280468093
913,0.5693283481386845,-4554.311849860358,0.026039125229656835,-3386.002546425599
914,0.5524993450984688,-4567.3020323472965,0.026039125229656835,-3381.0044656709415
915,0.413263159569724,-4567.463617553005,0.026039125229656835,-3356.4091697471067
916,0.5355671453425609,-4564.952713345075,0.7107749634164939,-3371.7115025602398
917,0.49662229208059044,-4567.473714840051,0.026039125229656835,-3379.0586024204704
918,0.4864693227956502,-4563.204347395198,0.026039125229656835,-3392.238673030582
919,0.5444976304479312,-4566.95768392984,0.026039125229656835,-3197.099008822406
920,0.13912505060623012,-4551.558048445025,0.026039125229656835,-3404.053277031635
921,0.3741992331711416,-4570.964243252406,0.702257907124075,-3345.9698746086874
922,0.5667008009695446,-4569.952882241023,0.6875304972877446,-3377.343732127903
923,0.577115731151104,-4569.036625905531,0.7074036286340781,-3370.7922109507554
924,0.5042429727007359,-4569.828783861943,0.654438184820886,-3296.695277572646
925,0.5948973192710854,-4565.516281211996,0.7040322938490182,-3266.3595437509634
926,0.5526263564421694,-4556.002808832719,0.026039125229656835,-3286.3383771272324
927,0.3905916347155234,-4558.671541421904,0.026039125229656835,-3421.122450616183
928,0.16457494860340893,-4565.340410503385,0.026039125229656835,-3391.439812204469
929,0.5436085510434462,-4560.174475896596,0.026039125229656835,-3389.3026697185423
930,0.5497686012115075,-4571.501204235155,0.7049638468836457,-3371.491825021921
931,0.5882609765627272,-4563.529552601103,0.6637093554672414,-3376.443863905286
932,0.535130543847407,-4569.329122933134,0.6313711573596074,-3374.1787028961003
933,0.5709477427750077,-4569.601490838415,0.6585636339572383,-3371.735684096694
934,0.5833392869938545,-4571.005186926073,0.6796788360155269,-3361.0186675456307
935,0.5566430901907238,-4566.291863638989,0.6539502284681554,-3364.1803070773876
936,0.5796321433969899,-4562.072092113053,0.7243490218798926,-3331.8685355768785
937,0.6022798536232116,-4570.943202568925,0.7002173623847057,-3306.855325800828
938,0.6238955966776073,-4546.416716324265,0.026039125229656835,-3287.416941970792
939,0.46525842839811743,-4562.613625674257,0.026039125229656835,-3365.6085076156737
940,0.48564374905757424,-4565.982730101391,0.026039125229656835,-3375.872106864502
941,0.4506441856598962,-4563.044203414329,0.026039125229656835,-3398.918005974054
942,0.5511022203208373,-4571.058640974536,0.7162312026038248,-3305.605285728591
943,0.5730275535266861,-4563.364502547689,0.026039125229656835,-3313.681485762408
944,0.5448230970149811,-4565.416280285797,0.026039125229656835,-3388.7346022849824
945,0.500130980448901,-4568.403398097236,0.026039125229656835,-3332.5278377830573
946,0.5258349011333924,-4567.6112530907685,0.026039125229656835,-3108.922301432152
947,0.5835774332604543,-4569.420458229635,0.7189815020315851,-3336.0145186462246
948,0.5589213561669344,-4566.648973041219,0.026039125229656835,-3387.653134408154
949,0.45398617164468613,-4565.355839800934,0.026039125229656835,-3376.2176346692568
950,0.5688917466474342,-4568.8894812593835,0.7316240074630004,-3238.7372310148053
951,0.5260333563542576,-4566.879374330135,0.026039125229656835,-3374.951813260046
952,0.5162852357284278,-4571.102184288042,0.7016368717694195,-3365.391578050555
953,0.5893485111905616,-4568.46004352971,0.7025240651332131,-3357.282169780635
954,0.572765592627228,-4565.926540042297,0.026039125229656835,-3357.3188255951018
955,0.43248156350964095,-4557.324277631897,0.026039125229656835,-3374.7492598229796
956,0.17117953847726136,-4565.666948239302,0.026039125229656835,-3367.496200019516
957,0.547371262097502,-4559.146002451395,0.026039125229656835,-3366.2528426339313
958,0.12079572606828447,-4562.188866625103,0.026039125229656835,-3363.632943384809
959,0.29297547887671516,-4565.949167961054,0.026039125229656835,-3219.449292573056
960,0.5458391877641131,-4563.737389439955,0.026039125229656835,-3389.6034878396695
961,0.5322013447354403,-4571.520224687719,0.7005278800646775,-3355.9341955009795
962,0.6098529049904157,-4562.713005910015,0.026039125229656835,-3365.893799768854
963,0.5276289363631639,-4568.726418180936,0.026039125229656835,-3386.3550278791986
964,0.5361625110180502,-4564.779073186663,0.026039125229656835,-3392.254927821291
965,0.4767053257491371,-4567.167702403665,0.026039125229656835,-3364.239505740134
966,0.5483952910572713,-4562.329636252698,0.026039125229656835,-3274.242991075083
967,0.506386289130179,-4565.438363344159,0.026039125229656835,-3317.582822114241
968,0.552324704504429,-4563.77394540687,0.686510224916738,-3135.5018851536324
969,0.591158422840898,-4560.80761010203,0.026039125229656835,-3345.153599042909
970,0.5153405888606006,-4567.624816504107,0.026039125229656835,-3340.247499993524
971,0.4671318457177018,-4563.154278916379,0.026039125229656835,-3363.1738854780206
972,0.29078453319373915,-4552.995563582362,0.026039125229656835,-3379.3119439602806
973,0.23181157867635166,-4569.806324432926,0.026039125229656835,-3403.616245210845
974,0.5179840124518432,-4569.888928779673,0.6653506631902596,-3377.3037074792196
975,0.549308185091539,-4563.115760469856,0.026039125229656835,-3378.554460730098
976,0.5662880140989689,-4566.745766993628,0.026039125229656835,-3381.388232766273
977,0.5584768164609067,-4567.596870477176,0.026039125229656835,-3388.0950006860776
978,0.5638192311083902,-4563.610051517269,0.026039125229656835,-3381.865577398512
979,0.5521103728605148,-4564.9341454024625,0.026039125229656835,-3297.808078169585
980,0.508474038091312,-4562.702742445714,0.026039125229656835,-3383.6697114722488
981,0.5522611988295032,-4568.349337337771,0.026039125229656835,-3373.0520933820126
982,0.575266128459883,-4570.08520112535,0.7028789424787306,-3352.787560916458
983,0.6157192414254595,-4559.060619727778,0.026039125229656835,-3376.423547783629
984,0.5694394830676164,-4571.317543260321,0.7110854810911776,-3354.0254244586304
985,0.5997555031666884,-4564.984503121757,0.7006165993984127,-3350.267230734271
986,0.5374564390820004,-4549.167808193497,0.026039125229656835,-3197.336704895743
987,0.29431703619147764,-4562.073527383216,0.026039125229656835,-3362.2800162441904
988,0.500130980448901,-4565.439127040424,0.026039125229656835,-3415.3922209635402
989,0.477507084855301,-4570.333928040528,0.6191722486074448,-3401.5925053740248
990,0.5257634572520876,-4568.777628516721,0.6515991660514583,-3396.694768599904
991,0.6384463337384185,-4569.455723443434,0.7180055893287681,-3321.507226078226
992,0.5691933985856478,-4565.2735337644335,0.026039125229656835,-3367.59352515348
993,0.40231636938452553,-4561.483497721047,0.026039125229656835,-3389.2441729439533
994,0.537107157884931,-4568.906145869308,0.026039125229656835,-3376.8630730158075
995,0.5913330634389595,-4569.068357759773,0.7209776870974768,-3357.3273725924864
996,0.5307168996547563,-4565.261600434237,0.026039125229656835,-3370.4350178107306
997,0.3197351813483842,-4556.668907637644,0.026039125229656835,-3396.8141829740216
998,0.0157890976637851,-4556.887357988992,0.026039125229656835,-3411.253029960878
999,0.015797035872766388,-4567.074673321267,0.026039125229656835,-3407.799307602795
